{
    "version": "0.2",
    "__comment": "The base model prepared for SIGGRAPH Asia 2023 submission.",
    "calibration_date": "18/05/2023",
    "internal_model_name": "cvvdp_0_2",
    "mask_p": 2.4665842056274414,
    "mask_c": -0.857231080532074,
    "pu_dilate": 3,
    "beta": 2,
    "beta_t": 2,
    "beta_tch": 4,
    "beta_sch": 4,
    "csf_sigma": -1.5,
    "sensitivity_correction": 0.23598910868167877,
    "masking_model": "mult-transducer",
    "local_adapt": "gpyr",
    "contrast": "weber_g1",
    "csf": "weber_fixed_size",
    "jod_a": 0.19078199565410614,
    "jod_exp": 0.7089359760284424,
    "mask_q": [
        1.8199080228805542,
        1.7583601474761963,
        2.2887208461761475,
        1.700223445892334
    ],
    "filter_len": -1,
    "ch_chrom_w": 0.7799720168113708,
    "ch_trans_w": 0.35074999928474426,
    "sigma_tf": [
        5.79336,
        14.1255,
        6.63661,
        0.12314
    ],
    "beta_tf": [
        1.3314,
        1.1196,
        0.947901,
        0.1898
    ],
    "xchannel_masking": "on",
    "xcm_weights": [
        -0.4310574233531952,
        -3.2015745639801025,
        -2.083033561706543,
        -2.804683208465576,
        -1.7046692371368408,
        -0.8296080231666565,
        -2.015293836593628,
        -2.8299143314361572,
        -2.184720516204834,
        -2.4294230937957764,
        0.1576593667268753,
        -1.4903571605682373,
        -3.0335581302642822,
        -2.257819890975952,
        -1.9936952590942383,
        -0.5596849322319031
    ],
    "baseband_weight": 3.501110076904297,
    "dclamp_type": "soft",
    "dclamp_par": 2.381617784500122,
    "image_int": 0.6711369752883911,
    "Bloch_int": "on",
    "bfilt_duration": 0.4
}